{
    "tempHash": "0006ED0095501AFF",
    "tbluHash": "008130A85A690BE8",
    "rootEntity": "2ed3aa8cc1e0b74f",
    "entities": {
        "2ed3aa8cc1e0b74f": {
            "parent": null,
            "name": "GeomEntity01",
            "factory": "[modules:/zgeomentity.class].pc_entitytype",
            "blueprint": "[modules:/zgeomentity.class].pc_entityblueprint",
            "properties": {
                "m_mTransform": {
                    "type": "SMatrix43",
                    "value": {
                        "rotation": {
                            "x": 0,
                            "y": 0,
                            "z": 0
                        },
                        "position": {
                            "x": 0,
                            "y": 0,
                            "z": 0
                        }
                    }
                },
                "m_ResourceID": {
                    "type": "ZRuntimeResourceID",
                    "value": {
                        "resource": "[assembly:/_pro/environment/materials/0091272008c6bce0/0091272008c6bce0.prim].pc_prim",
                        "flag": "5F"
                    }
                }
            }
        }
    },
    "propertyOverrides": [],
    "overrideDeletes": [],
    "pinConnectionOverrides": [],
    "pinConnectionOverrideDeletes": [],
    "externalScenes": [],
    "subType": "template",
    "quickEntityVersion": 3.1,
    "extraFactoryDependencies": [],
    "extraBlueprintDependencies": [],
    "comments": []
}