{
	"tempHash": "00C1A1B28B181857",
	"tbluHash": "00D505BBCC72CAAD",
	"rootEntity": "06de3a46bad979b2",
	"entities": {
		"06de3a46bad979b2": {
			"parent": null,
			"name": "OUTFIT_Agent47_MiniNinja_HeroA_V0",
			"factory": "00C0753FBF784C66",
			"blueprint": "007294473357329E",
			"properties": {
				"m_mTransform": {
					"type": "SMatrix43",
					"value": {
						"rotation": {
							"x": -0.0,
							"y": 0.0,
							"z": -3.569543689641504
						},
						"position": {
							"x": 74.9780502319336,
							"y": 35.04616928100586,
							"z": 0.003272000001743436
						}
					}
				},
				"m_pBonesAndCollisionResource": {
					"type": "ZRuntimeResourceID",
					"value": {
						"resource": "0017416135CF879C",
						"flag": "5F"
					}
				},
				"m_aBodyParts": {
					"type": "TArray<SEntityTemplateReference>",
					"value": [
						"cafedbf2c1331e28",
						"cafe53df7464b84a",
						"cafeb175c73611a7",
						"cafe5e4f87bd6c6c",
						"cafe28f672eb0579",
						"cafe4a9a9b3ddfe3",
						"cafef7e57d9ebcc7"
					]
				},
				"m_LocalColliders": {
					"type": "TArray<SEntityTemplateReference>",
					"value": ["cafe2171ec216f6f"]
				}
			}
		},
		"cc4919e0e5133c76": {
			"parent": "06de3a46bad979b2",
			"name": "ValueFloat_Basic",
			"factory": "[assembly:/_pro/design/logic/valuefloat.template?/valuefloat_basic.entitytemplate].pc_entitytype",
			"blueprint": "[assembly:/_pro/design/logic/valuefloat.template?/valuefloat_basic.entitytemplate].pc_entityblueprint",
			"properties": {
				"m_fValue": { "type": "float32", "value": 0.0 }
			}
		},
		"cafef026d38c8531": {
			"parent": "cafeb07cac3f2ae6",
			"name": "mask_face_plain_half",
			"factory": "00C7951EFBFBAD9D",
			"blueprint": "0069E7B0EB1AB1DE",
			"properties": {
				"m_mTransform": {
					"type": "SMatrix43",
					"value": {
						"rotation": {
							"x": -98.52501256781204,
							"y": 89.9600982743971,
							"z": -84.75285983892635
						},
						"position": {
							"x": 0.08383599668741226,
							"y": 0.013278000056743622,
							"z": -0.0006990000256337225
						}
					}
				},
				"m_PrimitiveScale": {
					"type": "SVector3",
					"value": {
						"x": 1.024999976158142,
						"y": 1.039039969444275,
						"z": 1.024999976158142
					}
				},
				"ConstantVector1D_05_Value": {
					"type": "float32",
					"value": 1.0
				},
				"Diffuse_Saturation_01_Value": {
					"type": "float32",
					"value": 1.0
				},
				"Diffuse_Color_01_Value": {
					"type": "SColorRGB",
					"value": "#ffffff"
				},
				"m_ResourceID": {
					"type": "ZRuntimeResourceID",
					"value": {
						"resource": "0091272008C6BCE0",
						"flag": "5F"
					}
				},
				"ConstantVector1D_01_Value": {
					"type": "float32",
					"value": 1.0
				},
				"Texture2D_01_enab": { "type": "bool", "value": true },
				"Texture2D_01": {
					"type": "ZRuntimeResourceID",
					"value": {
						"resource": "00D90857282C495A",
						"flag": "5F"
					}
				},
				"Clients": {
					"type": "TArray<SEntityTemplateReference>",
					"value": ["cafe53df7464b84a"],
					"postInit": true
				},
				"m_eidParent": {
					"type": "SEntityTemplateReference",
					"value": "cafeb07cac3f2ae6",
					"postInit": true
				},
				"ConstantVector1D_04_Value_op": {
					"type": "IRenderMaterialEntity.EModifierOperation",
					"value": "eReplace"
				},
				"ConstantVector1D_04_Value": {
					"type": "float32",
					"value": 0.0
				}
			}
		},
		"cafeb07cac3f2ae6": {
			"parent": "06de3a46bad979b2",
			"name": "Attacher_Head",
			"factory": "[assembly:/templates/aspectdummy.aspect]([modules:/zcompositeentity.class].entitytype,[modules:/zboneattachaspect.class].entitytype).pc_entitytype",
			"blueprint": "[assembly:/templates/aspectdummy.aspect]([modules:/zcompositeentity.class].entitytype,[modules:/zboneattachaspect.class].entitytype).pc_entityblueprint",
			"properties": {
				"m_BoneName": { "type": "ZString", "value": "Head" },
				"m_mTransform": {
					"type": "SMatrix43",
					"value": {
						"rotation": { "x": -0.0, "y": 0.0, "z": -0.0 },
						"position": { "x": 0.0, "y": 0.0, "z": 0.0 }
					}
				},
				"m_linkedEntity": {
					"type": "SEntityTemplateReference",
					"value": "06de3a46bad979b2",
					"postInit": true
				},
				"m_eidParent": {
					"type": "SEntityTemplateReference",
					"value": "06de3a46bad979b2",
					"postInit": true
				}
			},
			"inputCopying": {
				"SpecularRoughnessMin": {
					"SpecularRoughnessMin": ["cafef026d38c8531"]
				}
			}
		},
		"cafee3838efd977a": {
			"parent": "06de3a46bad979b2",
			"name": "Base Diffuse",
			"factory": "[modules:/zmathlerp.class].pc_entitytype",
			"blueprint": "[modules:/zmathlerp.class].pc_entityblueprint",
			"properties": {
				"m_A": { "type": "float32", "value": 0.5 },
				"m_fT": { "type": "float32", "value": 0.0 },
				"m_B": { "type": "float32", "value": 0.2300000041723252 }
			},
			"events": { "Lerp": { "ConstantVector1D_01_Value": [] } }
		},
		"cafe51069f6e275b": {
			"parent": "06de3a46bad979b2",
			"name": "Base Min",
			"factory": "[modules:/zmathlerp.class].pc_entitytype",
			"blueprint": "[modules:/zmathlerp.class].pc_entityblueprint",
			"properties": {
				"m_A": { "type": "float32", "value": 0.0 },
				"m_B": { "type": "float32", "value": 0.20000000298023224 },
				"m_fT": { "type": "float32", "value": 0.0 }
			},
			"events": { "Lerp": { "ConstantVector1D_04_Value": [] } }
		},
		"cafe918aae6c5bef": {
			"parent": "06de3a46bad979b2",
			"name": "Base Normal Bump Scale",
			"factory": "[modules:/zmathlerp.class].pc_entitytype",
			"blueprint": "[modules:/zmathlerp.class].pc_entityblueprint",
			"properties": {
				"m_A": { "type": "float32", "value": 1.0 },
				"m_fT": { "type": "float32", "value": 0.0 },
				"m_B": { "type": "float32", "value": 1.3600000143051147 }
			},
			"events": { "Lerp": { "ConstantVector1D_06_Value": [] } }
		},
		"cafeb175c73611a7": {
			"parent": "06de3a46bad979b2",
			"name": "Head_47",
			"factory": "00537D16B5CE7286",
			"blueprint": "00F2E4A932ECAA63"
		},
		"cafe4fb73bcb76e5": {
			"parent": "cafe2171ec216f6f",
			"name": "C_Tri_R",
			"factory": "[assembly:/templates/aspectdummy.aspect]([modules:/zclothsphere.class].entitytype,[modules:/zboneattachaspect.class].entitytype).pc_entitytype",
			"blueprint": "[assembly:/templates/aspectdummy.aspect]([modules:/zclothsphere.class].entitytype,[modules:/zboneattachaspect.class].entitytype).pc_entityblueprint",
			"properties": {
				"m_fRadius": {
					"type": "float32",
					"value": 0.14000000059604645
				},
				"m_BoneName": {
					"type": "ZString",
					"value": "RThighTwist1"
				},
				"m_mTransform": {
					"type": "SMatrix43",
					"value": {
						"rotation": { "x": -0.0, "y": 0.0, "z": -0.0 },
						"position": { "x": 0.0, "y": 0.0, "z": 0.0 }
					}
				},
				"m_bEnabled": { "type": "bool", "value": true },
				"m_bCollisionGroup0": { "type": "bool", "value": false },
				"m_bCollisionGroup1": { "type": "bool", "value": true },
				"m_linkedEntity": {
					"type": "SEntityTemplateReference",
					"value": null,
					"postInit": true
				},
				"m_eidParent": {
					"type": "SEntityTemplateReference",
					"value": "cafe2171ec216f6f",
					"postInit": true
				}
			}
		},
		"cafeb7f60c5f1d40": {
			"parent": "cafe2171ec216f6f",
			"name": "CChain01_Legs",
			"factory": "[modules:/zclothspherechain.class].pc_entitytype",
			"blueprint": "[modules:/zclothspherechain.class].pc_entityblueprint",
			"properties": {
				"m_mTransform": {
					"type": "SMatrix43",
					"value": {
						"rotation": { "x": -0.0, "y": 0.0, "z": -0.0 },
						"position": {
							"x": -1.290655973207322e-7,
							"y": 2.171457902377938e-9,
							"z": 0.0
						}
					}
				},
				"m_bCollisionGroup0": { "type": "bool", "value": false },
				"m_bCollisionGroup1": { "type": "bool", "value": true },
				"m_bEnabled": { "type": "bool", "value": true },
				"m_Spheres": {
					"type": "TArray<SEntityTemplateReference>",
					"value": [
						"cafeb704bf152fbe",
						"cafe47a1d8713718",
						"cafe4426bbdb234a"
					],
					"postInit": true
				},
				"m_eidParent": {
					"type": "SEntityTemplateReference",
					"value": "cafe2171ec216f6f",
					"postInit": true
				}
			}
		},
		"cafeb704bf152fbe": {
			"parent": "cafe2171ec216f6f",
			"name": "C_TighTop01_L",
			"factory": "[assembly:/templates/aspectdummy.aspect]([modules:/zclothsphere.class].entitytype,[modules:/zboneattachaspect.class].entitytype).pc_entitytype",
			"blueprint": "[assembly:/templates/aspectdummy.aspect]([modules:/zclothsphere.class].entitytype,[modules:/zboneattachaspect.class].entitytype).pc_entityblueprint",
			"properties": {
				"m_fRadius": {
					"type": "float32",
					"value": 0.1599999964237213
				},
				"m_BoneName": {
					"type": "ZString",
					"value": "LThighTwist"
				},
				"m_mTransform": {
					"type": "SMatrix43",
					"value": {
						"rotation": {
							"x": -0.0,
							"y": 0.019767042409995977,
							"z": -0.0
						},
						"position": {
							"x": 0.02055400051176548,
							"y": 0.008950999937951565,
							"z": 0.045030999928712845
						}
					}
				},
				"m_bCollisionGroup0": { "type": "bool", "value": false },
				"m_bCollisionGroup1": { "type": "bool", "value": true },
				"m_bEnabled": { "type": "bool", "value": true },
				"m_linkedEntity": {
					"type": "SEntityTemplateReference",
					"value": null,
					"postInit": true
				},
				"m_eidParent": {
					"type": "SEntityTemplateReference",
					"value": "cafe2171ec216f6f",
					"postInit": true
				}
			}
		},
		"cafe49db93c257e3": {
			"parent": "cafe2171ec216f6f",
			"name": "CChain_RightArm",
			"factory": "[modules:/zclothspherechain.class].pc_entitytype",
			"blueprint": "[modules:/zclothspherechain.class].pc_entityblueprint",
			"properties": {
				"m_mTransform": {
					"type": "SMatrix43",
					"value": {
						"rotation": { "x": -0.0, "y": 0.0, "z": -0.0 },
						"position": {
							"x": -1.290655973207322e-7,
							"y": 2.171457902377938e-9,
							"z": 0.0
						}
					}
				},
				"m_bCollisionGroup0": { "type": "bool", "value": true },
				"m_bCollisionGroup1": { "type": "bool", "value": false },
				"m_bEnabled": { "type": "bool", "value": true },
				"m_Spheres": {
					"type": "TArray<SEntityTemplateReference>",
					"value": [
						"cafeaf2475201602",
						"cafe0a631446b81d",
						"cafe3f50938c50e9",
						"cafe3a9746bb18ff"
					],
					"postInit": true
				},
				"m_eidParent": {
					"type": "SEntityTemplateReference",
					"value": "cafe2171ec216f6f",
					"postInit": true
				}
			}
		},
		"cafe2a55be52ffe9": {
			"parent": "cafe2171ec216f6f",
			"name": "C_Spine",
			"factory": "[assembly:/templates/aspectdummy.aspect]([modules:/zclothcapsule.class].entitytype,[modules:/zboneattachaspect.class].entitytype).pc_entitytype",
			"blueprint": "[assembly:/templates/aspectdummy.aspect]([modules:/zclothcapsule.class].entitytype,[modules:/zboneattachaspect.class].entitytype).pc_entityblueprint",
			"properties": {
				"m_BoneName": { "type": "ZString", "value": "Spine" },
				"m_fRadiusX": {
					"type": "float32",
					"value": 0.18000000715255737
				},
				"m_fRadiusY": {
					"type": "float32",
					"value": 0.13500000536441803
				},
				"m_fTop": {
					"type": "float32",
					"value": 0.009999999776482582
				},
				"m_fBottom": { "type": "float32", "value": 0.0 },
				"m_fRadiusZ": {
					"type": "float32",
					"value": 0.1979999989271164
				},
				"m_bEnableBottomRadii": { "type": "bool", "value": false },
				"m_fRadiusXBottom": { "type": "float32", "value": 1.0 },
				"m_fRadiusYBottom": { "type": "float32", "value": 1.0 },
				"m_fRadiusZBottom": { "type": "float32", "value": 1.0 },
				"m_mTransform": {
					"type": "SMatrix43",
					"value": {
						"rotation": { "x": -0.0, "y": 0.0, "z": -0.0 },
						"position": {
							"x": 0.0,
							"y": 0.03200000151991844,
							"z": -0.0010000000474974513
						}
					}
				},
				"m_bEnabled": { "type": "bool", "value": true },
				"m_linkedEntity": {
					"type": "SEntityTemplateReference",
					"value": null,
					"postInit": true
				},
				"m_eidParent": {
					"type": "SEntityTemplateReference",
					"value": "cafe2171ec216f6f",
					"postInit": true
				}
			}
		},
		"cafec2618e963700": {
			"parent": "cafe2171ec216f6f",
			"name": "C_Hand_L",
			"factory": "[assembly:/templates/aspectdummy.aspect]([modules:/zclothsphere.class].entitytype,[modules:/zboneattachaspect.class].entitytype).pc_entitytype",
			"blueprint": "[assembly:/templates/aspectdummy.aspect]([modules:/zclothsphere.class].entitytype,[modules:/zboneattachaspect.class].entitytype).pc_entityblueprint",
			"properties": {
				"m_fRadius": {
					"type": "float32",
					"value": 0.07000000029802322
				},
				"m_BoneName": { "type": "ZString", "value": "L_Hand" },
				"m_mTransform": {
					"type": "SMatrix43",
					"value": {
						"rotation": { "x": -0.0, "y": 0.0, "z": -0.0 },
						"position": {
							"x": 0.1120000034570694,
							"y": 0.02500000037252903,
							"z": 0.003000000026077032
						}
					}
				},
				"m_bEnabled": { "type": "bool", "value": false },
				"m_linkedEntity": {
					"type": "SEntityTemplateReference",
					"value": null,
					"postInit": true
				},
				"m_eidParent": {
					"type": "SEntityTemplateReference",
					"value": "cafe2171ec216f6f",
					"postInit": true
				}
			}
		},
		"cafee1f9e9bc136a": {
			"parent": "cafe2171ec216f6f",
			"name": "CChainHead_Neck",
			"factory": "[modules:/zclothspherechain.class].pc_entitytype",
			"blueprint": "[modules:/zclothspherechain.class].pc_entityblueprint",
			"properties": {
				"m_Spheres": {
					"type": "TArray<SEntityTemplateReference>",
					"value": [
						"cafeb8bca97981c9",
						"cafe87f7e6a48364",
						"cafeaf2475201602"
					],
					"postInit": true
				},
				"m_eidParent": {
					"type": "SEntityTemplateReference",
					"value": "cafe2171ec216f6f",
					"postInit": true
				}
			}
		},
		"cafe7f89f3de4865": {
			"parent": "cafe2171ec216f6f",
			"name": "ColliderGroup",
			"factory": "[modules:/zclothcollidergroup.class].pc_entitytype",
			"blueprint": "[modules:/zclothcollidergroup.class].pc_entityblueprint",
			"properties": {
				"m_bCollisionGroup1": { "type": "bool", "value": true },
				"m_ClothColliders": {
					"type": "TArray<SEntityTemplateReference>",
					"value": [
						"cafe0032d576510f",
						"cafe49db93c257e3",
						"cafe870ebead3c4a",
						"cafe5516e0ab6f44",
						"cafe2a55be52ffe9",
						"cafee1f9e9bc136a",
						"cafeaf2475201602",
						"cafe958a5a4dd9aa",
						"cafeb7f60c5f1d40",
						"cafe823f15c33256"
					],
					"postInit": true
				},
				"m_eidParent": {
					"type": "SEntityTemplateReference",
					"value": "cafe2171ec216f6f",
					"postInit": true
				}
			}
		},
		"cafe154c370df553": {
			"parent": "cafe2171ec216f6f",
			"name": "C_TighTop_L",
			"factory": "[assembly:/templates/aspectdummy.aspect]([modules:/zclothsphere.class].entitytype,[modules:/zboneattachaspect.class].entitytype).pc_entitytype",
			"blueprint": "[assembly:/templates/aspectdummy.aspect]([modules:/zclothsphere.class].entitytype,[modules:/zboneattachaspect.class].entitytype).pc_entityblueprint",
			"properties": {
				"m_fRadius": {
					"type": "float32",
					"value": 0.1449999958276749
				},
				"m_BoneName": {
					"type": "ZString",
					"value": "LThighTwist"
				},
				"m_mTransform": {
					"type": "SMatrix43",
					"value": {
						"rotation": {
							"x": -0.0,
							"y": 0.019767042409995977,
							"z": -0.0
						},
						"position": {
							"x": 0.03216100111603737,
							"y": 0.015238000079989432,
							"z": 0.04561600089073181
						}
					}
				},
				"m_bEnabled": { "type": "bool", "value": true },
				"m_linkedEntity": {
					"type": "SEntityTemplateReference",
					"value": null,
					"postInit": true
				},
				"m_eidParent": {
					"type": "SEntityTemplateReference",
					"value": "cafe2171ec216f6f",
					"postInit": true
				}
			}
		},
		"cafe87f7e6a48364": {
			"parent": "cafe2171ec216f6f",
			"name": "C_Head_Lower",
			"factory": "[assembly:/templates/aspectdummy.aspect]([modules:/zclothsphere.class].entitytype,[modules:/zboneattachaspect.class].entitytype).pc_entitytype",
			"blueprint": "[assembly:/templates/aspectdummy.aspect]([modules:/zclothsphere.class].entitytype,[modules:/zboneattachaspect.class].entitytype).pc_entityblueprint",
			"properties": {
				"m_fRadius": {
					"type": "float32",
					"value": 0.10000000149011612
				},
				"m_BoneName": { "type": "ZString", "value": "Head" },
				"m_mTransform": {
					"type": "SMatrix43",
					"value": {
						"rotation": { "x": -0.0, "y": 0.0, "z": -0.0 },
						"position": {
							"x": 0.018286999315023426,
							"y": 0.03781700134277344,
							"z": -9.999999974752427e-7
						}
					}
				},
				"m_bEnabled": { "type": "bool", "value": true },
				"m_linkedEntity": {
					"type": "SEntityTemplateReference",
					"value": null,
					"postInit": true
				},
				"m_eidParent": {
					"type": "SEntityTemplateReference",
					"value": "cafe2171ec216f6f",
					"postInit": true
				}
			}
		},
		"cafe06794de4546c": {
			"parent": "cafe2171ec216f6f",
			"name": "C_Tri",
			"factory": "[assembly:/templates/aspectdummy.aspect]([modules:/zclothsphere.class].entitytype,[modules:/zboneattachaspect.class].entitytype).pc_entitytype",
			"blueprint": "[assembly:/templates/aspectdummy.aspect]([modules:/zclothsphere.class].entitytype,[modules:/zboneattachaspect.class].entitytype).pc_entityblueprint",
			"properties": {
				"m_fRadius": {
					"type": "float32",
					"value": 0.14000000059604645
				},
				"m_BoneName": { "type": "ZString", "value": "Pelvis" },
				"m_mTransform": {
					"type": "SMatrix43",
					"value": {
						"rotation": {
							"x": -0.08623017336632245,
							"y": 0.00011459153141002388,
							"z": -0.11533643862921228
						},
						"position": {
							"x": -0.014000000432133676,
							"y": 0.04606299847364426,
							"z": 0.004999999888241291
						}
					}
				},
				"m_bEnabled": { "type": "bool", "value": true },
				"m_bCollisionGroup0": { "type": "bool", "value": false },
				"m_bCollisionGroup1": { "type": "bool", "value": true },
				"m_linkedEntity": {
					"type": "SEntityTemplateReference",
					"value": null,
					"postInit": true
				},
				"m_eidParent": {
					"type": "SEntityTemplateReference",
					"value": "cafe2171ec216f6f",
					"postInit": true
				}
			}
		},
		"cafe958a5a4dd9aa": {
			"parent": "cafe2171ec216f6f",
			"name": "CChain_LeftArm",
			"factory": "[modules:/zclothspherechain.class].pc_entitytype",
			"blueprint": "[modules:/zclothspherechain.class].pc_entityblueprint",
			"properties": {
				"m_mTransform": {
					"type": "SMatrix43",
					"value": {
						"rotation": { "x": -0.0, "y": 0.0, "z": -0.0 },
						"position": {
							"x": -1.6075250641733876e-7,
							"y": 3.5905429740523687e-9,
							"z": 0.0
						}
					}
				},
				"m_bCollisionGroup1": { "type": "bool", "value": false },
				"m_bCollisionGroup0": { "type": "bool", "value": true },
				"m_bEnabled": { "type": "bool", "value": true },
				"m_Spheres": {
					"type": "TArray<SEntityTemplateReference>",
					"value": [
						"cafec2618e963700",
						"cafeafab603ce0f3",
						"cafe9052f95e8da4",
						"cafeaf2475201602"
					],
					"postInit": true
				},
				"m_eidParent": {
					"type": "SEntityTemplateReference",
					"value": "cafe2171ec216f6f",
					"postInit": true
				}
			}
		},
		"cafeaf2475201602": {
			"parent": "cafe2171ec216f6f",
			"name": "C_Neck",
			"factory": "[assembly:/templates/aspectdummy.aspect]([modules:/zclothsphere.class].entitytype,[modules:/zboneattachaspect.class].entitytype).pc_entitytype",
			"blueprint": "[assembly:/templates/aspectdummy.aspect]([modules:/zclothsphere.class].entitytype,[modules:/zboneattachaspect.class].entitytype).pc_entityblueprint",
			"properties": {
				"m_fRadius": {
					"type": "float32",
					"value": 0.10000000149011612
				},
				"m_BoneName": { "type": "ZString", "value": "Neck" },
				"m_mTransform": {
					"type": "SMatrix43",
					"value": {
						"rotation": { "x": -0.0, "y": 0.0, "z": -0.0 },
						"position": {
							"x": -0.007079999893903732,
							"y": -0.010920999571681024,
							"z": 0.0
						}
					}
				},
				"m_bEnabled": { "type": "bool", "value": true },
				"m_linkedEntity": {
					"type": "SEntityTemplateReference",
					"value": null,
					"postInit": true
				},
				"m_eidParent": {
					"type": "SEntityTemplateReference",
					"value": "cafe2171ec216f6f",
					"postInit": true
				}
			}
		},
		"cafe870ebead3c4a": {
			"parent": "cafe2171ec216f6f",
			"name": "C_Spine2",
			"factory": "[assembly:/templates/aspectdummy.aspect]([modules:/zclothcapsule.class].entitytype,[modules:/zboneattachaspect.class].entitytype).pc_entitytype",
			"blueprint": "[assembly:/templates/aspectdummy.aspect]([modules:/zclothcapsule.class].entitytype,[modules:/zboneattachaspect.class].entitytype).pc_entityblueprint",
			"properties": {
				"m_BoneName": { "type": "ZString", "value": "Spine2" },
				"m_fRadiusX": {
					"type": "float32",
					"value": 0.2199999988079071
				},
				"m_fRadiusY": {
					"type": "float32",
					"value": 0.15000000596046448
				},
				"m_fTop": {
					"type": "float32",
					"value": 0.009999999776482582
				},
				"m_fBottom": { "type": "float32", "value": 0.0 },
				"m_fRadiusZ": {
					"type": "float32",
					"value": 0.20000000298023224
				},
				"m_bEnableBottomRadii": { "type": "bool", "value": false },
				"m_fRadiusXBottom": { "type": "float32", "value": 1.0 },
				"m_fRadiusYBottom": { "type": "float32", "value": 1.0 },
				"m_fRadiusZBottom": { "type": "float32", "value": 1.0 },
				"m_mTransform": {
					"type": "SMatrix43",
					"value": {
						"rotation": {
							"x": 0.1345878971471192,
							"y": 0.00911002751916662,
							"z": 7.750298935477405
						},
						"position": {
							"x": -0.016380000859498978,
							"y": 0.02500000037252903,
							"z": -0.0010000000474974513
						}
					}
				},
				"m_bEnabled": { "type": "bool", "value": true },
				"m_linkedEntity": {
					"type": "SEntityTemplateReference",
					"value": null,
					"postInit": true
				},
				"m_eidParent": {
					"type": "SEntityTemplateReference",
					"value": "cafe2171ec216f6f",
					"postInit": true
				}
			}
		},
		"cafeb8bca97981c9": {
			"parent": "cafe2171ec216f6f",
			"name": "C_Head_Top",
			"factory": "[assembly:/templates/aspectdummy.aspect]([modules:/zclothsphere.class].entitytype,[modules:/zboneattachaspect.class].entitytype).pc_entitytype",
			"blueprint": "[assembly:/templates/aspectdummy.aspect]([modules:/zclothsphere.class].entitytype,[modules:/zboneattachaspect.class].entitytype).pc_entityblueprint",
			"properties": {
				"m_fRadius": {
					"type": "float32",
					"value": 0.10499999672174454
				},
				"m_BoneName": { "type": "ZString", "value": "Head" },
				"m_mTransform": {
					"type": "SMatrix43",
					"value": {
						"rotation": { "x": -0.0, "y": 0.0, "z": -0.0 },
						"position": {
							"x": 0.08580199629068375,
							"y": 0.02185400016605854,
							"z": 0.0
						}
					}
				},
				"m_bEnabled": { "type": "bool", "value": true },
				"m_linkedEntity": {
					"type": "SEntityTemplateReference",
					"value": null,
					"postInit": true
				},
				"m_eidParent": {
					"type": "SEntityTemplateReference",
					"value": "cafe2171ec216f6f",
					"postInit": true
				}
			}
		},
		"cafefdcea07a23ef": {
			"parent": "cafe2171ec216f6f",
			"name": "C_Foot_R",
			"factory": "[assembly:/templates/aspectdummy.aspect]([modules:/zclothsphere.class].entitytype,[modules:/zboneattachaspect.class].entitytype).pc_entitytype",
			"blueprint": "[assembly:/templates/aspectdummy.aspect]([modules:/zclothsphere.class].entitytype,[modules:/zboneattachaspect.class].entitytype).pc_entityblueprint",
			"properties": {
				"m_fRadius": {
					"type": "float32",
					"value": 0.10000000149011612
				},
				"m_BoneName": { "type": "ZString", "value": "R_Foot" },
				"m_mTransform": {
					"type": "SMatrix43",
					"value": {
						"rotation": { "x": -0.0, "y": 0.0, "z": -0.0 },
						"position": {
							"x": 0.0,
							"y": -0.03858200088143349,
							"z": -9.999999747378752e-6
						}
					}
				},
				"m_bEnabled": { "type": "bool", "value": true },
				"m_bCollisionGroup0": { "type": "bool", "value": true },
				"m_linkedEntity": {
					"type": "SEntityTemplateReference",
					"value": null,
					"postInit": true
				},
				"m_eidParent": {
					"type": "SEntityTemplateReference",
					"value": "cafe2171ec216f6f",
					"postInit": true
				}
			}
		},
		"cafe3a9746bb18ff": {
			"parent": "cafe2171ec216f6f",
			"name": "C_Hand_R",
			"factory": "[assembly:/templates/aspectdummy.aspect]([modules:/zclothsphere.class].entitytype,[modules:/zboneattachaspect.class].entitytype).pc_entitytype",
			"blueprint": "[assembly:/templates/aspectdummy.aspect]([modules:/zclothsphere.class].entitytype,[modules:/zboneattachaspect.class].entitytype).pc_entityblueprint",
			"properties": {
				"m_fRadius": {
					"type": "float32",
					"value": 0.05000000074505806
				},
				"m_BoneName": { "type": "ZString", "value": "R_Hand" },
				"m_mTransform": {
					"type": "SMatrix43",
					"value": {
						"rotation": { "x": -0.0, "y": 0.0, "z": -0.0 },
						"position": {
							"x": 0.1123398020863533,
							"y": 0.024796010926365852,
							"z": 0.003324999939650297
						}
					}
				},
				"m_bEnabled": { "type": "bool", "value": false },
				"m_linkedEntity": {
					"type": "SEntityTemplateReference",
					"value": null,
					"postInit": true
				},
				"m_eidParent": {
					"type": "SEntityTemplateReference",
					"value": "cafe2171ec216f6f",
					"postInit": true
				}
			}
		},
		"cafeb0af655cb198": {
			"parent": "cafe2171ec216f6f",
			"name": "C_Foot_L",
			"factory": "[assembly:/templates/aspectdummy.aspect]([modules:/zclothsphere.class].entitytype,[modules:/zboneattachaspect.class].entitytype).pc_entitytype",
			"blueprint": "[assembly:/templates/aspectdummy.aspect]([modules:/zclothsphere.class].entitytype,[modules:/zboneattachaspect.class].entitytype).pc_entityblueprint",
			"properties": {
				"m_fRadius": {
					"type": "float32",
					"value": 0.10000000149011612
				},
				"m_BoneName": { "type": "ZString", "value": "L_Foot" },
				"m_mTransform": {
					"type": "SMatrix43",
					"value": {
						"rotation": { "x": -0.0, "y": 0.0, "z": -0.0 },
						"position": {
							"x": 0.0,
							"y": -0.03858200088143349,
							"z": 9.999999747378752e-6
						}
					}
				},
				"m_bCollisionGroup0": { "type": "bool", "value": true },
				"m_bEnabled": { "type": "bool", "value": true },
				"m_linkedEntity": {
					"type": "SEntityTemplateReference",
					"value": null,
					"postInit": true
				},
				"m_eidParent": {
					"type": "SEntityTemplateReference",
					"value": "cafe2171ec216f6f",
					"postInit": true
				}
			}
		},
		"cafe741cac0ccd52": {
			"parent": "cafe2171ec216f6f",
			"name": "C_Knee_R",
			"factory": "[assembly:/templates/aspectdummy.aspect]([modules:/zclothsphere.class].entitytype,[modules:/zboneattachaspect.class].entitytype).pc_entitytype",
			"blueprint": "[assembly:/templates/aspectdummy.aspect]([modules:/zclothsphere.class].entitytype,[modules:/zboneattachaspect.class].entitytype).pc_entityblueprint",
			"properties": {
				"m_fRadius": {
					"type": "float32",
					"value": 0.119999997317791
				},
				"m_BoneName": { "type": "ZString", "value": "R_Calf" },
				"m_mTransform": {
					"type": "SMatrix43",
					"value": {
						"rotation": {
							"x": -0.0,
							"y": -0.019767042409995977,
							"z": -0.0
						},
						"position": {
							"x": 0.010417000390589235,
							"y": -0.02453099936246872,
							"z": 0.035117000341415405
						}
					}
				},
				"m_bEnabled": { "type": "bool", "value": true },
				"m_linkedEntity": {
					"type": "SEntityTemplateReference",
					"value": null,
					"postInit": true
				},
				"m_eidParent": {
					"type": "SEntityTemplateReference",
					"value": "cafe2171ec216f6f",
					"postInit": true
				}
			}
		},
		"cafe3f4c1724ee7c": {
			"parent": "cafe2171ec216f6f",
			"name": "C_TighMid_L",
			"factory": "[assembly:/templates/aspectdummy.aspect]([modules:/zclothsphere.class].entitytype,[modules:/zboneattachaspect.class].entitytype).pc_entitytype",
			"blueprint": "[assembly:/templates/aspectdummy.aspect]([modules:/zclothsphere.class].entitytype,[modules:/zboneattachaspect.class].entitytype).pc_entityblueprint",
			"properties": {
				"m_fRadius": {
					"type": "float32",
					"value": 0.14000000059604645
				},
				"m_BoneName": {
					"type": "ZString",
					"value": "LThighTwist1"
				},
				"m_mTransform": {
					"type": "SMatrix43",
					"value": {
						"rotation": {
							"x": -0.0,
							"y": 0.019767042409995977,
							"z": -0.0
						},
						"position": {
							"x": 0.06485400348901749,
							"y": 0.009108999744057655,
							"z": -0.005001999903470278
						}
					}
				},
				"m_bEnabled": { "type": "bool", "value": true },
				"m_linkedEntity": {
					"type": "SEntityTemplateReference",
					"value": null,
					"postInit": true
				},
				"m_eidParent": {
					"type": "SEntityTemplateReference",
					"value": "cafe2171ec216f6f",
					"postInit": true
				}
			}
		},
		"cafe35cfbe5a9eab": {
			"parent": "cafe2171ec216f6f",
			"name": "C_Knee_L",
			"factory": "[assembly:/templates/aspectdummy.aspect]([modules:/zclothsphere.class].entitytype,[modules:/zboneattachaspect.class].entitytype).pc_entitytype",
			"blueprint": "[assembly:/templates/aspectdummy.aspect]([modules:/zclothsphere.class].entitytype,[modules:/zboneattachaspect.class].entitytype).pc_entityblueprint",
			"properties": {
				"m_fRadius": {
					"type": "float32",
					"value": 0.119999997317791
				},
				"m_BoneName": { "type": "ZString", "value": "L_Calf" },
				"m_mTransform": {
					"type": "SMatrix43",
					"value": {
						"rotation": {
							"x": -0.0,
							"y": -0.019767042409995977,
							"z": -0.0
						},
						"position": {
							"x": 0.010483000427484512,
							"y": -0.02452000044286251,
							"z": -0.020560000091791153
						}
					}
				},
				"m_bEnabled": { "type": "bool", "value": true },
				"m_linkedEntity": {
					"type": "SEntityTemplateReference",
					"value": null,
					"postInit": true
				},
				"m_eidParent": {
					"type": "SEntityTemplateReference",
					"value": "cafe2171ec216f6f",
					"postInit": true
				}
			}
		},
		"cafe9052f95e8da4": {
			"parent": "cafe2171ec216f6f",
			"name": "C_ShoulderL",
			"factory": "[assembly:/templates/aspectdummy.aspect]([modules:/zclothsphere.class].entitytype,[modules:/zboneattachaspect.class].entitytype).pc_entitytype",
			"blueprint": "[assembly:/templates/aspectdummy.aspect]([modules:/zclothsphere.class].entitytype,[modules:/zboneattachaspect.class].entitytype).pc_entityblueprint",
			"properties": {
				"m_fRadius": {
					"type": "float32",
					"value": 0.11500000208616255
				},
				"m_BoneName": { "type": "ZString", "value": "L_Clavicle" },
				"m_mTransform": {
					"type": "SMatrix43",
					"value": {
						"rotation": { "x": -0.0, "y": 0.0, "z": -0.0 },
						"position": {
							"x": 0.1420000046491623,
							"y": 0.012000000104308128,
							"z": 0.0020000000949949026
						}
					}
				},
				"m_bEnabled": { "type": "bool", "value": true },
				"m_linkedEntity": {
					"type": "SEntityTemplateReference",
					"value": null,
					"postInit": true
				},
				"m_eidParent": {
					"type": "SEntityTemplateReference",
					"value": "cafe2171ec216f6f",
					"postInit": true
				}
			}
		},
		"cafe0032d576510f": {
			"parent": "cafe2171ec216f6f",
			"name": "CChain_Legs",
			"factory": "[modules:/zclothspherechain.class].pc_entitytype",
			"blueprint": "[modules:/zclothspherechain.class].pc_entityblueprint",
			"properties": {
				"m_mTransform": {
					"type": "SMatrix43",
					"value": {
						"rotation": { "x": -0.0, "y": 0.0, "z": -0.0 },
						"position": {
							"x": -1.290655973207322e-7,
							"y": 2.171457902377938e-9,
							"z": 0.0
						}
					}
				},
				"m_bEnabled": { "type": "bool", "value": true },
				"m_Spheres": {
					"type": "TArray<SEntityTemplateReference>",
					"value": [
						"cafefdcea07a23ef",
						"cafe741cac0ccd52",
						"cafe9f5df5f66967",
						"cafe79c448f3731b",
						"cafe47a1d8713718",
						"cafe154c370df553",
						"cafe3f4c1724ee7c",
						"cafe35cfbe5a9eab",
						"cafeb0af655cb198"
					],
					"postInit": true
				},
				"m_eidParent": {
					"type": "SEntityTemplateReference",
					"value": "cafe2171ec216f6f",
					"postInit": true
				}
			}
		},
		"cafe47a1d8713718": {
			"parent": "cafe2171ec216f6f",
			"name": "C_Pelvis",
			"factory": "[assembly:/templates/aspectdummy.aspect]([modules:/zclothsphere.class].entitytype,[modules:/zboneattachaspect.class].entitytype).pc_entitytype",
			"blueprint": "[assembly:/templates/aspectdummy.aspect]([modules:/zclothsphere.class].entitytype,[modules:/zboneattachaspect.class].entitytype).pc_entityblueprint",
			"properties": {
				"m_fRadius": {
					"type": "float32",
					"value": 0.14000000059604645
				},
				"m_BoneName": { "type": "ZString", "value": "Pelvis" },
				"m_mTransform": {
					"type": "SMatrix43",
					"value": {
						"rotation": {
							"x": -0.06250973638926272,
							"y": 0.052368348364419566,
							"z": -0.06852576615092817
						},
						"position": {
							"x": -0.014000000432133676,
							"y": 0.015922000631690025,
							"z": 0.004999999888241291
						}
					}
				},
				"m_bEnabled": { "type": "bool", "value": false },
				"m_linkedEntity": {
					"type": "SEntityTemplateReference",
					"value": null,
					"postInit": true
				},
				"m_eidParent": {
					"type": "SEntityTemplateReference",
					"value": "cafe2171ec216f6f",
					"postInit": true
				}
			}
		},
		"cafe5516e0ab6f44": {
			"parent": "cafe2171ec216f6f",
			"name": "C_Spine1",
			"factory": "[assembly:/templates/aspectdummy.aspect]([modules:/zclothcapsule.class].entitytype,[modules:/zboneattachaspect.class].entitytype).pc_entitytype",
			"blueprint": "[assembly:/templates/aspectdummy.aspect]([modules:/zclothcapsule.class].entitytype,[modules:/zboneattachaspect.class].entitytype).pc_entityblueprint",
			"properties": {
				"m_BoneName": { "type": "ZString", "value": "Spine1" },
				"m_fRadiusX": {
					"type": "float32",
					"value": 0.18000000715255737
				},
				"m_fRadiusY": {
					"type": "float32",
					"value": 0.14000000059604645
				},
				"m_fTop": {
					"type": "float32",
					"value": 0.009999999776482582
				},
				"m_fBottom": { "type": "float32", "value": 0.0 },
				"m_fRadiusZ": {
					"type": "float32",
					"value": 0.1899999976158142
				},
				"m_bEnableBottomRadii": { "type": "bool", "value": false },
				"m_fRadiusXBottom": { "type": "float32", "value": 1.0 },
				"m_fRadiusYBottom": { "type": "float32", "value": 1.0 },
				"m_fRadiusZBottom": { "type": "float32", "value": 1.0 },
				"m_mTransform": {
					"type": "SMatrix43",
					"value": {
						"rotation": { "x": -0.0, "y": 0.0, "z": -0.0 },
						"position": {
							"x": -0.003000000026077032,
							"y": 0.027000000700354576,
							"z": -0.0010000000474974513
						}
					}
				},
				"m_bEnabled": { "type": "bool", "value": true },
				"m_linkedEntity": {
					"type": "SEntityTemplateReference",
					"value": null,
					"postInit": true
				},
				"m_eidParent": {
					"type": "SEntityTemplateReference",
					"value": "cafe2171ec216f6f",
					"postInit": true
				}
			}
		},
		"cafe79c448f3731b": {
			"parent": "cafe2171ec216f6f",
			"name": "C_TighTop_R",
			"factory": "[assembly:/templates/aspectdummy.aspect]([modules:/zclothsphere.class].entitytype,[modules:/zboneattachaspect.class].entitytype).pc_entitytype",
			"blueprint": "[assembly:/templates/aspectdummy.aspect]([modules:/zclothsphere.class].entitytype,[modules:/zboneattachaspect.class].entitytype).pc_entityblueprint",
			"properties": {
				"m_fRadius": {
					"type": "float32",
					"value": 0.1449999958276749
				},
				"m_BoneName": {
					"type": "ZString",
					"value": "RThighTwist"
				},
				"m_mTransform": {
					"type": "SMatrix43",
					"value": {
						"rotation": {
							"x": 0.01976704358638215,
							"y": 0.0,
							"z": -0.0
						},
						"position": {
							"x": 0.03216399997472763,
							"y": 0.015238000079989432,
							"z": -0.04583200067281723
						}
					}
				},
				"m_bEnabled": { "type": "bool", "value": true },
				"m_linkedEntity": {
					"type": "SEntityTemplateReference",
					"value": null,
					"postInit": true
				},
				"m_eidParent": {
					"type": "SEntityTemplateReference",
					"value": "cafe2171ec216f6f",
					"postInit": true
				}
			}
		},
		"cafe1ece9b6813e4": {
			"parent": "cafe2171ec216f6f",
			"name": "C_Tri_L",
			"factory": "[assembly:/templates/aspectdummy.aspect]([modules:/zclothsphere.class].entitytype,[modules:/zboneattachaspect.class].entitytype).pc_entitytype",
			"blueprint": "[assembly:/templates/aspectdummy.aspect]([modules:/zclothsphere.class].entitytype,[modules:/zboneattachaspect.class].entitytype).pc_entityblueprint",
			"properties": {
				"m_fRadius": {
					"type": "float32",
					"value": 0.14000000059604645
				},
				"m_BoneName": {
					"type": "ZString",
					"value": "LThighTwist1"
				},
				"m_mTransform": {
					"type": "SMatrix43",
					"value": {
						"rotation": { "x": -0.0, "y": 0.0, "z": -0.0 },
						"position": { "x": 0.0, "y": 0.0, "z": 0.0 }
					}
				},
				"m_bEnabled": { "type": "bool", "value": true },
				"m_bCollisionGroup0": { "type": "bool", "value": false },
				"m_bCollisionGroup1": { "type": "bool", "value": true },
				"m_linkedEntity": {
					"type": "SEntityTemplateReference",
					"value": null,
					"postInit": true
				},
				"m_eidParent": {
					"type": "SEntityTemplateReference",
					"value": "cafe2171ec216f6f",
					"postInit": true
				}
			}
		},
		"cafe3f50938c50e9": {
			"parent": "cafe2171ec216f6f",
			"name": "C_Elbow_R",
			"factory": "[assembly:/templates/aspectdummy.aspect]([modules:/zclothsphere.class].entitytype,[modules:/zboneattachaspect.class].entitytype).pc_entitytype",
			"blueprint": "[assembly:/templates/aspectdummy.aspect]([modules:/zclothsphere.class].entitytype,[modules:/zboneattachaspect.class].entitytype).pc_entityblueprint",
			"properties": {
				"m_fRadius": {
					"type": "float32",
					"value": 0.05000000074505806
				},
				"m_BoneName": {
					"type": "ZString",
					"value": "R_ForeTwist"
				},
				"m_mTransform": {
					"type": "SMatrix43",
					"value": {
						"rotation": { "x": -0.0, "y": 0.0, "z": -0.0 },
						"position": {
							"x": -0.004000000189989805,
							"y": -0.009999999776482582,
							"z": 0.00800000037997961
						}
					}
				},
				"m_bEnabled": { "type": "bool", "value": false },
				"m_linkedEntity": {
					"type": "SEntityTemplateReference",
					"value": null,
					"postInit": true
				},
				"m_eidParent": {
					"type": "SEntityTemplateReference",
					"value": "cafe2171ec216f6f",
					"postInit": true
				}
			}
		},
		"cafeafab603ce0f3": {
			"parent": "cafe2171ec216f6f",
			"name": "C_Elbow_L",
			"factory": "[assembly:/templates/aspectdummy.aspect]([modules:/zclothsphere.class].entitytype,[modules:/zboneattachaspect.class].entitytype).pc_entitytype",
			"blueprint": "[assembly:/templates/aspectdummy.aspect]([modules:/zclothsphere.class].entitytype,[modules:/zboneattachaspect.class].entitytype).pc_entityblueprint",
			"properties": {
				"m_fRadius": {
					"type": "float32",
					"value": 0.05000000074505806
				},
				"m_BoneName": {
					"type": "ZString",
					"value": "L_ForeTwist"
				},
				"m_mTransform": {
					"type": "SMatrix43",
					"value": {
						"rotation": { "x": -0.0, "y": 0.0, "z": -0.0 },
						"position": {
							"x": -0.008999999612569809,
							"y": -0.010999999940395355,
							"z": -0.014000000432133676
						}
					}
				},
				"m_bEnabled": { "type": "bool", "value": false },
				"m_linkedEntity": {
					"type": "SEntityTemplateReference",
					"value": null,
					"postInit": true
				},
				"m_eidParent": {
					"type": "SEntityTemplateReference",
					"value": "cafe2171ec216f6f",
					"postInit": true
				}
			}
		},
		"cafe9f5df5f66967": {
			"parent": "cafe2171ec216f6f",
			"name": "C_TighMid_R",
			"factory": "[assembly:/templates/aspectdummy.aspect]([modules:/zclothsphere.class].entitytype,[modules:/zboneattachaspect.class].entitytype).pc_entitytype",
			"blueprint": "[assembly:/templates/aspectdummy.aspect]([modules:/zclothsphere.class].entitytype,[modules:/zboneattachaspect.class].entitytype).pc_entityblueprint",
			"properties": {
				"m_fRadius": {
					"type": "float32",
					"value": 0.14000000059604645
				},
				"m_BoneName": {
					"type": "ZString",
					"value": "RThighTwist1"
				},
				"m_mTransform": {
					"type": "SMatrix43",
					"value": {
						"rotation": {
							"x": 0.01976704358638215,
							"y": 0.0,
							"z": -0.0
						},
						"position": {
							"x": 0.061622001230716705,
							"y": 0.005229999776929617,
							"z": 0.013539999723434448
						}
					}
				},
				"m_bEnabled": { "type": "bool", "value": true },
				"m_linkedEntity": {
					"type": "SEntityTemplateReference",
					"value": null,
					"postInit": true
				},
				"m_eidParent": {
					"type": "SEntityTemplateReference",
					"value": "cafe2171ec216f6f",
					"postInit": true
				}
			}
		},
		"cafe4426bbdb234a": {
			"parent": "cafe2171ec216f6f",
			"name": "C_TighTop01_R",
			"factory": "[assembly:/templates/aspectdummy.aspect]([modules:/zclothsphere.class].entitytype,[modules:/zboneattachaspect.class].entitytype).pc_entitytype",
			"blueprint": "[assembly:/templates/aspectdummy.aspect]([modules:/zclothsphere.class].entitytype,[modules:/zboneattachaspect.class].entitytype).pc_entityblueprint",
			"properties": {
				"m_fRadius": {
					"type": "float32",
					"value": 0.1599999964237213
				},
				"m_BoneName": {
					"type": "ZString",
					"value": "RThighTwist"
				},
				"m_mTransform": {
					"type": "SMatrix43",
					"value": {
						"rotation": {
							"x": 0.01976704358638215,
							"y": 0.0,
							"z": -0.0
						},
						"position": {
							"x": 0.023031000047922134,
							"y": 0.008980999700725079,
							"z": -0.039236001670360565
						}
					}
				},
				"m_bCollisionGroup0": { "type": "bool", "value": false },
				"m_bCollisionGroup1": { "type": "bool", "value": true },
				"m_bEnabled": { "type": "bool", "value": true },
				"m_linkedEntity": {
					"type": "SEntityTemplateReference",
					"value": null,
					"postInit": true
				},
				"m_eidParent": {
					"type": "SEntityTemplateReference",
					"value": "cafe2171ec216f6f",
					"postInit": true
				}
			}
		},
		"cafe0a631446b81d": {
			"parent": "cafe2171ec216f6f",
			"name": "C_ShoulderR",
			"factory": "[assembly:/templates/aspectdummy.aspect]([modules:/zclothsphere.class].entitytype,[modules:/zboneattachaspect.class].entitytype).pc_entitytype",
			"blueprint": "[assembly:/templates/aspectdummy.aspect]([modules:/zclothsphere.class].entitytype,[modules:/zboneattachaspect.class].entitytype).pc_entityblueprint",
			"properties": {
				"m_fRadius": {
					"type": "float32",
					"value": 0.11500000208616255
				},
				"m_BoneName": { "type": "ZString", "value": "R_Clavicle" },
				"m_mTransform": {
					"type": "SMatrix43",
					"value": {
						"rotation": { "x": -0.0, "y": 0.0, "z": -0.0 },
						"position": {
							"x": 0.1430000066757202,
							"y": 0.012000000104308128,
							"z": -0.0020000000949949026
						}
					}
				},
				"m_bEnabled": { "type": "bool", "value": true },
				"m_linkedEntity": {
					"type": "SEntityTemplateReference",
					"value": null,
					"postInit": true
				},
				"m_eidParent": {
					"type": "SEntityTemplateReference",
					"value": "cafe2171ec216f6f",
					"postInit": true
				}
			}
		},
		"cafe2171ec216f6f": {
			"parent": "06de3a46bad979b2",
			"name": "MaleReg_Ninja_Collider",
			"factory": "[modules:/zcompositeentity.class].pc_entitytype",
			"blueprint": "[modules:/zcompositeentity.class].pc_entityblueprint",
			"properties": {
				"m_mTransform": {
					"type": "SMatrix43",
					"value": {
						"rotation": { "x": -0.0, "y": 0.0, "z": -0.0 },
						"position": { "x": 0.0, "y": 0.0, "z": 0.0 }
					}
				},
				"m_linkedEntity": {
					"type": "SEntityTemplateReference",
					"value": null,
					"postInit": true
				},
				"m_eidParent": {
					"type": "SEntityTemplateReference",
					"value": null,
					"postInit": true
				}
			},
			"propertyAliases": {
				"Elbow_L_Enabled": [
					{
						"originalProperty": "m_bEnabled",
						"originalEntity": "cafeafab603ce0f3"
					}
				],
				"Elbow_L_Position": [
					{
						"originalProperty": "m_mTransform",
						"originalEntity": "cafeafab603ce0f3"
					}
				],
				"Elbow_L_Radius": [
					{
						"originalProperty": "m_fRadius",
						"originalEntity": "cafeafab603ce0f3"
					}
				],
				"Elbow_R_Enabled": [
					{
						"originalProperty": "m_bEnabled",
						"originalEntity": "cafe3f50938c50e9"
					}
				],
				"Elbow_R_Position": [
					{
						"originalProperty": "m_mTransform",
						"originalEntity": "cafe3f50938c50e9"
					}
				],
				"Elbow_R_Radius": [
					{
						"originalProperty": "m_fRadius",
						"originalEntity": "cafe3f50938c50e9"
					}
				],
				"Foot_L_Enabled": [
					{
						"originalProperty": "m_bEnabled",
						"originalEntity": "cafeb0af655cb198"
					}
				],
				"Foot_L_Position": [
					{
						"originalProperty": "m_mTransform",
						"originalEntity": "cafeb0af655cb198"
					}
				],
				"Foot_L_Radius": [
					{
						"originalProperty": "m_fRadius",
						"originalEntity": "cafeb0af655cb198"
					}
				],
				"Foot_R_Enabled": [
					{
						"originalProperty": "m_bEnabled",
						"originalEntity": "cafefdcea07a23ef"
					}
				],
				"Foot_R_Position": [
					{
						"originalProperty": "m_mTransform",
						"originalEntity": "cafefdcea07a23ef"
					}
				],
				"Foot_R_Radius": [
					{
						"originalProperty": "m_fRadius",
						"originalEntity": "cafefdcea07a23ef"
					}
				],
				"Hand_L_Enabled": [
					{
						"originalProperty": "m_bEnabled",
						"originalEntity": "cafec2618e963700"
					}
				],
				"Hand_L_Position": [
					{
						"originalProperty": "m_mTransform",
						"originalEntity": "cafec2618e963700"
					}
				],
				"Hand_L_Radius": [
					{
						"originalProperty": "m_fRadius",
						"originalEntity": "cafec2618e963700"
					}
				],
				"Hand_R_Enabled": [
					{
						"originalProperty": "m_bEnabled",
						"originalEntity": "cafe3a9746bb18ff"
					}
				],
				"Hand_R_Position": [
					{
						"originalProperty": "m_mTransform",
						"originalEntity": "cafe3a9746bb18ff"
					}
				],
				"Hand_R_Radius": [
					{
						"originalProperty": "m_fRadius",
						"originalEntity": "cafe3a9746bb18ff"
					}
				],
				"Head_Low_Enabled": [
					{
						"originalProperty": "m_bEnabled",
						"originalEntity": "cafe87f7e6a48364"
					}
				],
				"Head_Low_Position": [
					{
						"originalProperty": "m_mTransform",
						"originalEntity": "cafe87f7e6a48364"
					}
				],
				"Head_Low_Radius": [
					{
						"originalProperty": "m_fRadius",
						"originalEntity": "cafe87f7e6a48364"
					}
				],
				"Head_Top_Enabled": [
					{
						"originalProperty": "m_bEnabled",
						"originalEntity": "cafeb8bca97981c9"
					}
				],
				"Head_Top_Position": [
					{
						"originalProperty": "m_mTransform",
						"originalEntity": "cafeb8bca97981c9"
					}
				],
				"Head_Top_Radius": [
					{
						"originalProperty": "m_fRadius",
						"originalEntity": "cafeb8bca97981c9"
					}
				],
				"Knee_L_Enabled": [
					{
						"originalProperty": "m_bEnabled",
						"originalEntity": "cafe35cfbe5a9eab"
					}
				],
				"Knee_L_Position": [
					{
						"originalProperty": "m_mTransform",
						"originalEntity": "cafe35cfbe5a9eab"
					}
				],
				"Knee_L_Radius": [
					{
						"originalProperty": "m_fRadius",
						"originalEntity": "cafe35cfbe5a9eab"
					}
				],
				"Knee_R_Enabled": [
					{
						"originalProperty": "m_bEnabled",
						"originalEntity": "cafe741cac0ccd52"
					}
				],
				"Knee_R_Position": [
					{
						"originalProperty": "m_mTransform",
						"originalEntity": "cafe741cac0ccd52"
					}
				],
				"Knee_R_Radius": [
					{
						"originalProperty": "m_fRadius",
						"originalEntity": "cafe741cac0ccd52"
					}
				],
				"Neck_Enabled": [
					{
						"originalProperty": "m_bEnabled",
						"originalEntity": "cafeaf2475201602"
					}
				],
				"Neck_Position": [
					{
						"originalProperty": "m_mTransform",
						"originalEntity": "cafeaf2475201602"
					}
				],
				"Neck_Radius": [
					{
						"originalProperty": "m_fRadius",
						"originalEntity": "cafeaf2475201602"
					}
				],
				"Pelvis_Enabled": [
					{
						"originalProperty": "m_bEnabled",
						"originalEntity": "cafe47a1d8713718"
					}
				],
				"Pelvis_Position": [
					{
						"originalProperty": "m_mTransform",
						"originalEntity": "cafe47a1d8713718"
					}
				],
				"Pelvis_Radius": [
					{
						"originalProperty": "m_fRadius",
						"originalEntity": "cafe47a1d8713718"
					}
				],
				"Shoulder_L_Enabled": [
					{
						"originalProperty": "m_bEnabled",
						"originalEntity": "cafe9052f95e8da4"
					}
				],
				"Shoulder_L_Position": [
					{
						"originalProperty": "m_mTransform",
						"originalEntity": "cafe9052f95e8da4"
					}
				],
				"Shoulder_L_Radius": [
					{
						"originalProperty": "m_fRadius",
						"originalEntity": "cafe9052f95e8da4"
					}
				],
				"Shoulder_R_Enabled": [
					{
						"originalProperty": "m_bEnabled",
						"originalEntity": "cafe0a631446b81d"
					}
				],
				"Shoulder_R_Position": [
					{
						"originalProperty": "m_mTransform",
						"originalEntity": "cafe0a631446b81d"
					}
				],
				"Shoulder_R_Radius": [
					{
						"originalProperty": "m_fRadius",
						"originalEntity": "cafe0a631446b81d"
					}
				],
				"Spine_Low_Enabled": [
					{
						"originalProperty": "m_bEnabled",
						"originalEntity": "cafe2a55be52ffe9"
					}
				],
				"Spine_Low_Position": [
					{
						"originalProperty": "m_mTransform",
						"originalEntity": "cafe2a55be52ffe9"
					}
				],
				"Spine_Low_RadiusX": [
					{
						"originalProperty": "m_fRadiusX",
						"originalEntity": "cafe2a55be52ffe9"
					}
				],
				"Spine_Low_RadiusY": [
					{
						"originalProperty": "m_fRadiusY",
						"originalEntity": "cafe2a55be52ffe9"
					}
				],
				"Spine_Low_RadiusZ": [
					{
						"originalProperty": "m_fRadiusZ",
						"originalEntity": "cafe2a55be52ffe9"
					}
				],
				"Spine_Mid_Enabled": [
					{
						"originalProperty": "m_bEnabled",
						"originalEntity": "cafe5516e0ab6f44"
					}
				],
				"Spine_Mid_Position": [
					{
						"originalProperty": "m_mTransform",
						"originalEntity": "cafe5516e0ab6f44"
					}
				],
				"Spine_Mid_RadiusX": [
					{
						"originalProperty": "m_fRadiusX",
						"originalEntity": "cafe5516e0ab6f44"
					}
				],
				"Spine_Mid_RadiusY": [
					{
						"originalProperty": "m_fRadiusY",
						"originalEntity": "cafe5516e0ab6f44"
					}
				],
				"Spine_Mid_RadiusZ": [
					{
						"originalProperty": "m_fRadiusZ",
						"originalEntity": "cafe5516e0ab6f44"
					}
				],
				"Spine_Top_Enabled": [
					{
						"originalProperty": "m_bEnabled",
						"originalEntity": "cafe870ebead3c4a"
					}
				],
				"Spine_Top_Position": [
					{
						"originalProperty": "m_mTransform",
						"originalEntity": "cafe870ebead3c4a"
					}
				],
				"Spine_Top_RadiusX": [
					{
						"originalProperty": "m_fRadiusX",
						"originalEntity": "cafe870ebead3c4a"
					}
				],
				"Spine_Top_RadiusY": [
					{
						"originalProperty": "m_fRadiusY",
						"originalEntity": "cafe870ebead3c4a"
					}
				],
				"Spine_Top_RadiusZ": [
					{
						"originalProperty": "m_fRadiusZ",
						"originalEntity": "cafe870ebead3c4a"
					}
				],
				"Thigh_Mid_L_Enabled": [
					{
						"originalProperty": "m_bEnabled",
						"originalEntity": "cafe3f4c1724ee7c"
					}
				],
				"Thigh_Mid_L_Position": [
					{
						"originalProperty": "m_mTransform",
						"originalEntity": "cafe3f4c1724ee7c"
					}
				],
				"Thigh_Mid_L_Radius": [
					{
						"originalProperty": "m_fRadius",
						"originalEntity": "cafe3f4c1724ee7c"
					}
				],
				"Thigh_Mid_R_Enabled": [
					{
						"originalProperty": "m_bEnabled",
						"originalEntity": "cafe9f5df5f66967"
					}
				],
				"Thigh_Mid_R_Position": [
					{
						"originalProperty": "m_mTransform",
						"originalEntity": "cafe9f5df5f66967"
					}
				],
				"Thigh_Mid_R_Radius": [
					{
						"originalProperty": "m_fRadius",
						"originalEntity": "cafe9f5df5f66967"
					}
				],
				"Thigh_Top_L_Enabled": [
					{
						"originalProperty": "m_bEnabled",
						"originalEntity": "cafe154c370df553"
					}
				],
				"Thigh_Top_L_Position": [
					{
						"originalProperty": "m_mTransform",
						"originalEntity": "cafe154c370df553"
					}
				],
				"Thigh_Top_L_Radius": [
					{
						"originalProperty": "m_fRadius",
						"originalEntity": "cafe154c370df553"
					}
				],
				"Thigh_Top_R_Enabled": [
					{
						"originalProperty": "m_bEnabled",
						"originalEntity": "cafe79c448f3731b"
					}
				],
				"Thigh_Top_R_Position": [
					{
						"originalProperty": "m_mTransform",
						"originalEntity": "cafe79c448f3731b"
					}
				],
				"Thigh_Top_R_Radius": [
					{
						"originalProperty": "m_fRadius",
						"originalEntity": "cafe79c448f3731b"
					}
				],
				"m_linkedEntity": [
					{
						"originalProperty": "m_linkedEntity",
						"originalEntity": "cafec2618e963700"
					},
					{
						"originalProperty": "m_linkedEntity",
						"originalEntity": "cafeafab603ce0f3"
					},
					{
						"originalProperty": "m_linkedEntity",
						"originalEntity": "cafe3f50938c50e9"
					},
					{
						"originalProperty": "m_linkedEntity",
						"originalEntity": "cafeb0af655cb198"
					},
					{
						"originalProperty": "m_linkedEntity",
						"originalEntity": "cafefdcea07a23ef"
					},
					{
						"originalProperty": "m_linkedEntity",
						"originalEntity": "cafe0a631446b81d"
					},
					{
						"originalProperty": "m_linkedEntity",
						"originalEntity": "cafe3a9746bb18ff"
					},
					{
						"originalProperty": "m_linkedEntity",
						"originalEntity": "cafe2a55be52ffe9"
					},
					{
						"originalProperty": "m_linkedEntity",
						"originalEntity": "cafe35cfbe5a9eab"
					},
					{
						"originalProperty": "m_linkedEntity",
						"originalEntity": "cafe5516e0ab6f44"
					},
					{
						"originalProperty": "m_linkedEntity",
						"originalEntity": "cafe741cac0ccd52"
					},
					{
						"originalProperty": "m_linkedEntity",
						"originalEntity": "cafe870ebead3c4a"
					},
					{
						"originalProperty": "m_linkedEntity",
						"originalEntity": "cafe47a1d8713718"
					},
					{
						"originalProperty": "m_linkedEntity",
						"originalEntity": "cafe9052f95e8da4"
					},
					{
						"originalProperty": "m_linkedEntity",
						"originalEntity": "cafe3f4c1724ee7c"
					},
					{
						"originalProperty": "m_linkedEntity",
						"originalEntity": "cafe9f5df5f66967"
					},
					{
						"originalProperty": "m_linkedEntity",
						"originalEntity": "cafe79c448f3731b"
					},
					{
						"originalProperty": "m_linkedEntity",
						"originalEntity": "cafe154c370df553"
					},
					{
						"originalProperty": "m_linkedEntity",
						"originalEntity": "cafeb8bca97981c9"
					},
					{
						"originalProperty": "m_linkedEntity",
						"originalEntity": "cafe87f7e6a48364"
					},
					{
						"originalProperty": "m_linkedEntity",
						"originalEntity": "cafeaf2475201602"
					},
					{
						"originalProperty": "m_linkedEntity",
						"originalEntity": "cafe4426bbdb234a"
					},
					{
						"originalProperty": "m_linkedEntity",
						"originalEntity": "cafeb704bf152fbe"
					},
					{
						"originalProperty": "m_linkedEntity",
						"originalEntity": "cafe1ece9b6813e4"
					},
					{
						"originalProperty": "m_linkedEntity",
						"originalEntity": "cafe06794de4546c"
					},
					{
						"originalProperty": "m_linkedEntity",
						"originalEntity": "cafe4fb73bcb76e5"
					}
				]
			},
			"exposedInterfaces": {
				"ZClothCollider": "cafe7f89f3de4865",
				"ZClothColliderGroup": "cafe7f89f3de4865"
			}
		},
		"cafe823f15c33256": {
			"parent": "cafe2171ec216f6f",
			"name": "CChain01_Tri",
			"factory": "[modules:/zclothspherechain.class].pc_entitytype",
			"blueprint": "[modules:/zclothspherechain.class].pc_entityblueprint",
			"properties": {
				"m_Spheres": {
					"type": "TArray<SEntityTemplateReference>",
					"value": [
						"cafe1ece9b6813e4",
						"cafe06794de4546c",
						"cafe4fb73bcb76e5"
					]
				},
				"m_mTransform": {
					"type": "SMatrix43",
					"value": {
						"rotation": { "x": -0.0, "y": 0.0, "z": -0.0 },
						"position": {
							"x": -1.290655973207322e-7,
							"y": 2.171457902377938e-9,
							"z": 0.0
						}
					}
				},
				"m_bCollisionGroup0": { "type": "bool", "value": false },
				"m_bCollisionGroup1": { "type": "bool", "value": true },
				"m_bEnabled": { "type": "bool", "value": true },
				"m_bSphereTriangles": { "type": "bool", "value": true },
				"m_eidParent": {
					"type": "SEntityTemplateReference",
					"value": "cafe2171ec216f6f"
				}
			}
		},
		"cafe7532b12a118c": {
			"parent": "cafe53df7464b84a",
			"name": "male_reg_ninja_pants",
			"factory": "[assembly:/_pro/characters/assets/individuals/hokkaido/ninja/materials/male_reg_ninja_pants.mi].pc_entitytype",
			"blueprint": "[assembly:/_pro/characters/assets/individuals/hokkaido/ninja/materials/male_reg_ninja_pants.mi].pc_entityblueprint",
			"properties": {
				"m_mTransform": {
					"type": "SMatrix43",
					"value": {
						"rotation": { "x": -0.0, "y": 0.0, "z": -0.0 },
						"position": { "x": 0.0, "y": 0.0, "z": 0.0 }
					}
				},
				"Texture2D_01": {
					"type": "ZRuntimeResourceID",
					"value": {
						"resource": "00A00A5EDFE1802E",
						"flag": "5F"
					}
				},
				"Texture2D_01_enab": { "type": "bool", "value": true },
				"Diffuse_Saturation_01_Value_op": {
					"type": "IRenderMaterialEntity.EModifierOperation",
					"value": "eReplace"
				},
				"Diffuse_Saturation_01_Value": {
					"type": "float32",
					"value": 1.0
				},
				"ConstantVector1D_04_Value_op": {
					"type": "IRenderMaterialEntity.EModifierOperation",
					"value": "eReplace"
				},
				"ConstantVector1D_04_Value": {
					"type": "float32",
					"value": 0.0
				},
				"ConstantVector1D_01_Value_op": {
					"type": "IRenderMaterialEntity.EModifierOperation",
					"value": "eReplace"
				},
				"ConstantVector1D_01_Value": {
					"type": "float32",
					"value": 0.5
				},
				"ConstantVector1D_06_Value_op": {
					"type": "IRenderMaterialEntity.EModifierOperation",
					"value": "eReplace"
				},
				"ConstantVector1D_06_Value": {
					"type": "float32",
					"value": 1.0
				},
				"Diffuse_Color_01_Value_op": {
					"type": "IRenderMaterialEntity.EModifierOperation",
					"value": "eReplace"
				},
				"Diffuse_Color_01_Value": {
					"type": "SColorRGB",
					"value": "#ffffff"
				},
				"Clients": {
					"type": "TArray<SEntityTemplateReference>",
					"value": ["cafe53df7464b84a"],
					"postInit": true
				},
				"m_eidParent": {
					"type": "SEntityTemplateReference",
					"value": "06de3a46bad979b2",
					"postInit": true
				}
			}
		},
		"cafe53df7464b84a": {
			"parent": "06de3a46bad979b2",
			"name": "Mesh_Pants",
			"factory": "[modules:/zbodypartentity.class].pc_entitytype",
			"blueprint": "[modules:/zbodypartentity.class].pc_entityblueprint",
			"properties": {
				"m_pMeshResource": {
					"type": "ZRuntimeResourceID",
					"value": {
						"resource": "00F862990BD70892",
						"flag": "5F"
					}
				},
				"m_linkedEntity": {
					"type": "SEntityTemplateReference",
					"value": "06de3a46bad979b2",
					"postInit": true
				},
				"m_eidParent": {
					"type": "SEntityTemplateReference",
					"value": "06de3a46bad979b2",
					"postInit": true
				}
			},
			"inputCopying": {
				"ConstantVector1D_04_Value": {
					"ConstantVector1D_04_Value": ["cafe7532b12a118c"]
				},
				"ConstantVector1D_01_Value": {
					"ConstantVector1D_01_Value": ["cafe7532b12a118c"]
				},
				"ConstantVector1D_06_Value": {
					"ConstantVector1D_06_Value": ["cafe7532b12a118c"]
				}
			}
		},
		"cafe4a9a9b3ddfe3": {
			"parent": "06de3a46bad979b2",
			"name": "Mesh_Shirt",
			"factory": "[modules:/zbodypartentity.class].pc_entitytype",
			"blueprint": "[modules:/zbodypartentity.class].pc_entityblueprint",
			"properties": {
				"m_pMeshResource": {
					"type": "ZRuntimeResourceID",
					"value": {
						"resource": "00B8F0097B3CF97B",
						"flag": "5F"
					}
				}
			}
		},
		"cafea94974754b98": {
			"parent": "cafe4a9a9b3ddfe3",
			"name": "handyman_shirt_01",
			"factory": "[assembly:/_pro/characters/assets/workers/hokkaido/handyman/materials/handyman_shirt_01.mi].pc_entitytype",
			"blueprint": "[assembly:/_pro/characters/assets/workers/hokkaido/handyman/materials/handyman_shirt_01.mi].pc_entityblueprint",
			"properties": {
				"Texture2DNormal_01_enab": {
					"type": "bool",
					"value": true
				},
				"Texture2D_03_enab": { "type": "bool", "value": true },
				"Texture2D_01_enab": { "type": "bool", "value": true },
				"Diffuse_Color_01_Value_op": {
					"type": "IRenderMaterialEntity.EModifierOperation",
					"value": "eReplace"
				},
				"ConstantVector1D_01_Value_op": {
					"type": "IRenderMaterialEntity.EModifierOperation",
					"value": "eReplace"
				},
				"ConstantVector1D_04_Value_op": {
					"type": "IRenderMaterialEntity.EModifierOperation",
					"value": "eReplace"
				},
				"Diffuse_Saturation_01_Value_op": {
					"type": "IRenderMaterialEntity.EModifierOperation",
					"value": "eReplace"
				},
				"Texture2DNormal_01": {
					"type": "ZRuntimeResourceID",
					"value": {
						"resource": "00BE21EE604404D4",
						"flag": "5F"
					}
				},
				"Texture2D_03": {
					"type": "ZRuntimeResourceID",
					"value": {
						"resource": "[assembly:/_pro/characters/assets/workers/hokkaido/handyman/textures/male_reg_handyman_shirt.texture?/specular_a.tex](ascolormap).pc_tex",
						"flag": "5F"
					}
				},
				"ConstantVector1D_04_Value": {
					"type": "float32",
					"value": 0.0
				},
				"ConstantVector1D_01_Value": {
					"type": "float32",
					"value": 0.5
				},
				"Diffuse_Color_01_Value": {
					"type": "SColorRGB",
					"value": "#ffffff"
				},
				"Texture2D_01": {
					"type": "ZRuntimeResourceID",
					"value": {
						"resource": "00A369CE1185744F",
						"flag": "5F"
					}
				},
				"Diffuse_Saturation_01_Value": {
					"type": "float32",
					"value": 1.0
				},
				"Clients": {
					"type": "TArray<SEntityTemplateReference>",
					"value": ["cafe4a9a9b3ddfe3"],
					"postInit": true
				},
				"m_eidParent": {
					"type": "SEntityTemplateReference",
					"value": null,
					"postInit": true
				}
			}
		},
		"cafe5e4f87bd6c6c": {
			"parent": "06de3a46bad979b2",
			"name": "Mesh_Shoes",
			"factory": "[modules:/zbodypartentity.class].pc_entitytype",
			"blueprint": "[modules:/zbodypartentity.class].pc_entityblueprint",
			"properties": {
				"m_pMeshResource": {
					"type": "ZRuntimeResourceID",
					"value": {
						"resource": "00D66C1B8D9B16A1",
						"flag": "5F"
					}
				}
			}
		},
		"cafe28f672eb0579": {
			"parent": "06de3a46bad979b2",
			"name": "Mesh_Socks",
			"factory": "[modules:/zbodypartentity.class].pc_entitytype",
			"blueprint": "[modules:/zbodypartentity.class].pc_entityblueprint",
			"properties": {
				"m_pMeshResource": {
					"type": "ZRuntimeResourceID",
					"value": {
						"resource": "00551878888488DF",
						"flag": "5F"
					}
				}
			}
		},
		"cafe2753cc591a55": {
			"parent": "06de3a46bad979b2",
			"name": "Torso_Neck_LowCut",
			"factory": "00AC8D5EB0F5A755",
			"blueprint": "00CC398F7A37A27F"
		},
		"cafef7e57d9ebcc7": {
			"parent": "06de3a46bad979b2",
			"name": "Xmas_Balls",
			"factory": "[modules:/zbodypartentity.class].pc_entitytype",
			"blueprint": "[modules:/zbodypartentity.class].pc_entityblueprint",
			"properties": {
				"m_pMeshResource": {
					"type": "ZRuntimeResourceID",
					"value": {
						"resource": "0013DDD72CD779CB",
						"flag": "5F"
					}
				}
			}
		},
		"cafea20627c48976": {
			"parent": "cafef7e57d9ebcc7",
			"name": "mas_balls",
			"factory": "0064494813C64893",
			"blueprint": "00B612FD0A74D29A",
			"properties": {
				"m_mTransform": {
					"type": "SMatrix43",
					"value": {
						"rotation": {
							"x": -0.0,
							"y": 0.0,
							"z": 8.979411948910792e-8
						},
						"position": {
							"x": -3.790097935052472e-6,
							"y": -5.425396807368088e-7,
							"z": 0.0
						}
					}
				},
				"ConstantColorRGB_02_Value_op": {
					"type": "IRenderMaterialEntity.EModifierOperation",
					"value": "eReplace"
				},
				"ConstantColorRGB_02_Value": {
					"type": "SColorRGB",
					"value": "#ffd500"
				},
				"Texture2D_01_enab": { "type": "bool", "value": false },
				"m_eidParent": {
					"type": "SEntityTemplateReference",
					"value": "06de3a46bad979b2"
				}
			}
		},
		"cafedbf2c1331e28": {
			"parent": "06de3a46bad979b2",
			"name": "Part_Arms_01",
			"factory": "[modules:/zbodypartentity.class].pc_entitytype",
			"blueprint": "[modules:/zbodypartentity.class].pc_entityblueprint",
			"properties": {
				"m_pMeshResource": {
					"type": "ZRuntimeResourceID",
					"value": {
						"resource": "00055D4277FE048F",
						"flag": "5F"
					}
				}
			}
		},
		"cafe92036e383d96": {
			"parent": "06de3a46bad979b2",
			"name": "FX_Hitman_Wet_Logic_Character",
			"factory": "0067CFB703A80787",
			"blueprint": "00AA88C960CD2080",
			"properties": {
				"HeadMaterialToOverride": {
					"type": "ZRuntimeResourceID",
					"value": {
						"resource": "009F7978C601815A",
						"flag": "5F"
					}
				},
				"HeadMaterialOverride": {
					"type": "TArray<SEntityTemplateReference>",
					"value": ["06de3a46bad979b2"],
					"postInit": true
				}
			},
			"events": {
				"HitmanWetness": {
					"T": [
						"cafe16d2cca5e665",
						"cafed794e8259134",
						"cafe93543cbc2818",
						"cafec3b7601258f7"
					]
				}
			}
		},
		"cafe93543cbc2818": {
			"parent": "cafe92036e383d96",
			"name": "Lerp roughness fabric",
			"factory": "[modules:/zmathlerp.class].pc_entitytype",
			"blueprint": "[modules:/zmathlerp.class].pc_entityblueprint",
			"properties": {
				"m_A": { "type": "float32", "value": 0.0 },
				"m_fT": { "type": "float32", "value": 0.0 },
				"m_B": { "type": "float32", "value": 0.3 }
			},
			"events": {
				"Lerp": {
					"ConstantVector1D_04_Value": [
						"cafe7532b12a118c",
						"cafea94974754b98"
					]
				}
			}
		},
		"cafed794e8259134": {
			"parent": "cafe92036e383d96",
			"name": "Lerp bumpmap",
			"factory": "[modules:/zmathlerp.class].pc_entitytype",
			"blueprint": "[modules:/zmathlerp.class].pc_entityblueprint",
			"properties": {
				"m_fT": { "type": "float32", "value": 0.0 },
				"m_B": { "type": "float32", "value": 0.300000011920929 }
			},
			"events": {
				"Lerp": {
					"ConstantVector1D_06_Value": [
						"cafe7532b12a118c",
						"cafea94974754b98"
					]
				}
			}
		},
		"cafec3b7601258f7": {
			"parent": "cafe92036e383d96",
			"name": "Lerp roughness other",
			"factory": "[modules:/zmathlerp.class].pc_entitytype",
			"blueprint": "[modules:/zmathlerp.class].pc_entityblueprint",
			"properties": {
				"m_B": { "type": "float32", "value": 0.4000000059604645 },
				"m_A": { "type": "float32", "value": 0.0 },
				"m_fT": { "type": "float32", "value": 0.0 }
			},
			"events": { "Lerp": { "ConstantVector1D_04_Value": [] } }
		},
		"cafe16d2cca5e665": {
			"parent": "cafe92036e383d96",
			"name": "Lerp albedo",
			"factory": "[modules:/zmathlerp.class].pc_entitytype",
			"blueprint": "[modules:/zmathlerp.class].pc_entityblueprint",
			"properties": {
				"m_A": { "type": "float32", "value": 0.5 },
				"m_fT": { "type": "float32", "value": 0.0 },
				"m_B": { "type": "float32", "value": 0.20000000298023224 }
			},
			"events": {
				"Lerp": {
					"ConstantVector1D_01_Value": [
						"cafe7532b12a118c",
						"cafea94974754b98"
					]
				}
			}
		}
	},
	"propertyOverrides": [],
	"overrideDeletes": [],
	"pinConnectionOverrides": [],
	"pinConnectionOverrideDeletes": [],
	"externalScenes": [],
	"subType": "template",
	"quickEntityVersion": 3.1,
	"extraFactoryDependencies": [
		{ "resource": "007D850436B0A092", "flag": "5F" },
		{ "resource": "00D247582859CA87", "flag": "5F" },
		{ "resource": "00D20CA72E352D16", "flag": "5F" },
		{
			"resource": "[assembly:/_pro/characters/assets/individuals/hokkaido/ninja/textures/male_reg_ninja_belt.texture?/normal_a.tex](asnormalmap).pc_tex",
			"flag": "5F"
		},
		{
			"resource": "[assembly:/_pro/characters/assets/individuals/hokkaido/ninja/textures/male_reg_ninja_belt.texture?/specular_a.tex](ascolormap).pc_tex",
			"flag": "5F"
		},
		{
			"resource": "[assembly:/_pro/characters/assets/individuals/hokkaido/ninja/textures/male_reg_ninja_belt.texture?/diffuse_a.tex](ascolormap).pc_tex",
			"flag": "5F"
		},
		{
			"resource": "[assembly:/_pro/characters/assets/individuals/hokkaido/ninja/textures/male_reg_ninja_pants.texture?/normal_a.tex](asnormalmap).pc_tex",
			"flag": "5F"
		},
		{
			"resource": "[assembly:/_pro/characters/assets/individuals/hokkaido/ninja/textures/male_reg_ninja_pants.texture?/specular_a.tex](ascolormap).pc_tex",
			"flag": "5F"
		},
		{
			"resource": "[assembly:/_pro/characters/assets/individuals/hokkaido/ninja/textures/male_reg_ninja_pants.texture?/diffuse_a.tex](ascolormap).pc_tex",
			"flag": "5F"
		},
		{
			"resource": "[assembly:/_pro/characters/assets/individuals/hokkaido/ninja/textures/male_reg_ninja_shirt.texture?/normal_a.tex](asnormalmap).pc_tex",
			"flag": "5F"
		},
		{
			"resource": "[assembly:/_pro/characters/assets/individuals/hokkaido/ninja/textures/male_reg_ninja_shirt.texture?/specular_a.tex](ascolormap).pc_tex",
			"flag": "5F"
		},
		{
			"resource": "[assembly:/_pro/characters/assets/individuals/hokkaido/ninja/textures/male_reg_ninja_string.texture?/normal_a.tex](asnormalmap).pc_tex",
			"flag": "5F"
		},
		{
			"resource": "[assembly:/_pro/characters/assets/individuals/hokkaido/ninja/textures/male_reg_ninja_string.texture?/specular_a.tex](ascolormap).pc_tex",
			"flag": "5F"
		},
		{
			"resource": "[assembly:/_pro/characters/assets/individuals/hokkaido/ninja/textures/male_reg_ninja_string.texture?/diffuse_a.tex](ascolormap).pc_tex",
			"flag": "5F"
		},
		{ "resource": "00C1356C6FD65D00", "flag": "5F" },
		{
			"resource": "[assembly:/_pro/characters/assets/individuals/hokkaido/ninja/textures/male_reg_ninja_shoes.texture?/normal_a.tex](asnormalmap).pc_tex",
			"flag": "5F"
		},
		{
			"resource": "[assembly:/_pro/characters/assets/individuals/hokkaido/ninja/textures/male_reg_ninja_shoes.texture?/specular_a.tex](ascolormap).pc_tex",
			"flag": "5F"
		},
		{
			"resource": "[assembly:/_pro/characters/assets/individuals/hokkaido/ninja/textures/male_reg_ninja_shoes.texture?/diffuse_a.tex](ascolormap).pc_tex",
			"flag": "5F"
		}
	],
	"extraBlueprintDependencies": [],
	"comments": []
}
