{
	"tempHash": "0041F04D4492FC64",
	"tbluHash": "003CE2CBDE6E6FB7",
	"patch": [
		{
			"SubEntityOperation": [
				"f968784d9b2a66bf",
				{
					"SetPropertyValue": {
						"property_name": "m_eidParent",
						"value": "d4bfd97bace56c3a"
					}
				}
			]
		},
		{
			"AddEntity": [
				"cafe86b7590a5927",
				{
					"parent": "f968784d9b2a66bf",
					"name": "material",
					"factory": "[assembly:/_pro/items/materials/melee/katana_neon_a.mi].pc_entitytype",
					"blueprint": "[assembly:/_pro/items/materials/melee/katana_neon_a.mi].pc_entityblueprint",
					"properties": {
						"Clients": {
							"type": "TArray<SEntityTemplateReference>",
							"value": ["f968784d9b2a66bf"],
							"postInit": true
						},
						"m_eidParent": {
							"type": "SEntityTemplateReference",
							"value": "f968784d9b2a66bf",
							"postInit": true
						},
						"Texture2D_01": {
							"type": "ZRuntimeResourceID",
							"value": {
								"resource": "00366DAB895EC7A1",
								"flag": "5F"
							}
						},
						"Texture2D_01_enab": {
							"type": "bool",
							"value": true
						}
					}
				}
			]
		}
	],
	"patchVersion": 6
}
