{
	"tempHash": "00452D77C32B3861",
	"tbluHash": "00705B8FC96F4F5C",
	"patch": [
		{
			"SubEntityOperation": [
				"deb8d42cf90791e8",
				{
					"SetPropertyValue": {
						"property_name": "m_eidParent",
						"value": "7bcbd8ebd4e1a760"
					}
				}
			]
		},
		{
			"SubEntityOperation": [
				"deb8d42cf90791e8",
				{
					"AddProperty": [
						"m_ResourceID",
						{
							"type": "ZRuntimeResourceID",
							"value": {
								"resource": "[assembly:/_pro/items/geometry/melee/katana_neon_a.wl2?/katana_neon_a.prim].pc_prim",
								"flag": "5F"
							}
						}
					]
				}
			]
		},
		{
			"AddEntity": [
				"cafea2873c54cfa4",
				{
					"parent": "deb8d42cf90791e8",
					"name": "material",
					"factory": "[assembly:/_pro/items/materials/melee/katana_neon_a.mi].pc_entitytype",
					"blueprint": "[assembly:/_pro/items/materials/melee/katana_neon_a.mi].pc_entityblueprint",
					"properties": {
						"Clients": {
							"type": "TArray<SEntityTemplateReference>",
							"value": ["deb8d42cf90791e8"],
							"postInit": true
						},
						"m_eidParent": {
							"type": "SEntityTemplateReference",
							"value": "deb8d42cf90791e8",
							"postInit": true
						},
						"Texture2D_01": {
							"type": "ZRuntimeResourceID",
							"value": {
								"resource": "009D8848581E1002",
								"flag": "5F"
							}
						},
						"Texture2D_03": {
							"type": "ZRuntimeResourceID",
							"value": {
								"resource": "00D05C65E35905CF",
								"flag": "5F"
							}
						},
						"Texture2D_01_enab": {
							"type": "bool",
							"value": true
						},
						"Texture2D_03_enab": {
							"type": "bool",
							"value": true
						}
					}
				}
			]
		}
	],
	"patchVersion": 6
}
